{
    "resource_pack_name": "vanilla",
    "texture_name": "atlas.items",
    "texture_data": {
      "pickaxe_rock": {
        "textures": [
          "textures/items/picks/pickaxe_rock"
        ]
      },
      "pickaxe_joker": {
        "textures": [
          "textures/items/picks/pickaxe_joker"
        ]
      },
      "pickaxe_leviathan": {
        "textures": [
          "textures/items/picks/pickaxe_leviathan"
        ]
      },
      "pickaxe_dragon": {
        "textures": [
          "textures/items/picks/pickaxe_dragon"
        ]
      }
    }
  }